purchase_month,delivered_orders,late_pct,pct_1_2_star
2017-01-01,741,2.8,12.0
2017-02-01,1643,2.6,11.1
2017-03-01,2527,4.5,11.2
2017-04-01,2290,6.4,12.9
2017-05-01,3517,2.8,10.1
2017-06-01,3111,3.0,10.7
2017-07-01,3842,2.7,9.9
2017-08-01,4165,2.9,9.4
2017-09-01,4118,4.3,10.3
2017-10-01,4446,4.0,11.1
2017-11-01,7237,12.3,16.6
2017-12-01,5461,7.3,14.4
2018-01-01,7013,5.6,13.7
2018-02-01,6507,14.0,19.4
2018-03-01,6948,18.7,21.2
2018-04-01,6752,4.4,11.8
2018-05-01,6722,6.5,10.8
2018-06-01,6072,1.2,10.0
2018-07-01,6118,3.3,9.7
2018-08-01,6330,6.1,9.5
